Music;Artist;Text;Url;Search Status
Detalhes;RobertoCarlos;Não adianta nem tentar me esquecer Durante muito tempo em sua vida eu vou viver  Detalhes tão pequenos de nós dois São coisas muito grandes pra esquecer E a toda hora vão estar presentes Você vai ver  Se um outro cabeludo aparecer na sua rua E isso lhe trouxer saudades minhas, a culpa é sua O ronco barulhento do seu carro A velha calça desbotada ou coisa assim Imediatamente você vai lembrar de mim  Eu sei que um outro deve estar falando ao seu ouvido Palavras de amor como eu falei, mas, eu duvido Duvido que ele tenha tanto amor E até os erros do meu português ruim E nessa hora você vai lembrar de mim  À noite, envolvida no silêncio do seu quarto, Antes de dormir você procura o meu retrato Mas na moldura não sou eu quem lhe sorri Mas você vê o meu sorriso mesmo assim E tudo isso vai fazer você lembrar de mim  Se alguém tocar seu corpo como eu, não diga nada Não vá dizer meu nome sem querer à pessoa errada Pensando ter amor nesse momento, desesperada,  Você tenta até o fim E até nesse momento você vai lembrar de mim  Eu sei que esses detalhes vão sumir na longa estrada Do tempo que transforma todo amor em quase nada Mas quase também é mais um detalhe Um grande amor não vai morrer assim Por isso, de vez em quando você vai Vai lembrar de mim  Não adianta nem tentar me esquecer Durante muito e muito tempo em sua vida eu vou viver;https://api.vagalume.com.br/search.php?art= Roberto Carlos &mus=Detalhes&apikey=dc668952146a4a25b6d06586e7b69708;exact
JuventudeTransviada;LuizMelodia;Lava roupa todo dia, que agonia Na quebrada da soleira, que chovia Até sonhar de madrugada, uma moça sem mancada Uma mulher não deve vacilar  Eu entendo a juventude transviada E o auxílio luxuoso de um pandeiro Até sonhar de madrugada, uma moça sem mancada Uma mulher não deve vacilar  Cada cara representa uma mentira Nascimento, vida e morte, quem diria Até sonhar de madrugada, uma moça sem mancada Uma mulher não deve vacilar  Hoje pode transformar E o que diria a juventude Um dia você vai chorar Vejo claras fantasias;https://api.vagalume.com.br/search.php?art= Luiz Melodia &mus=Juventude-Transviada&apikey=dc668952146a4a25b6d06586e7b69708;aprox
Amigo;RobertoCarloseErasmoCarlos;Você meu amigo de fé, meu irmão camarada Amigo de tantos caminhos e tantas jornadas Cabeça de homem mas o coração de menino Aquele que está do meu lado em qualquer caminhada Me lembro de todas as lutas, meu bom companheiro Você tantas vezes provou que é um grande guerreiro O seu coração é uma casa de portas abertas Amigo você é o mais certo das horas incertas  Às vezes em certos momentos difíceis da vida Em que precisamos de alguém pra ajudar na saída A sua palavra de força, de fé e de carinho Me dá a certeza de que eu nunca estive sozinho  Você meu amigo de fé, meu irmão camarada Sorriso e abraço festivo da minha chegada Você que me diz as verdades com frases abertas Amigo você é o mais certo das horas incertas  Não preciso nem dizer  Tudo isso que eu lhe digo Mas é muito bom saber Que você é meu amigo  Não preciso nem dizer  Tudo isso que eu lhe digo Mas é muito bom saber  Que eu tenho um grande amigo  Não preciso nem dizer Tudo isso que eu lhe digo Mas é muito bom saber Que você é meu amigo  Não preciso nem dizer Tudo isso que eu lhe digo Mas é muito bom saber Que eu tenho um grande amigo;https://api.vagalume.com.br/search.php?art= Roberto Carlos e Erasmo Carlos &mus=Amigo&apikey=dc668952146a4a25b6d06586e7b69708;exact
OBêbadoeAEquilibrista;ElisRegina;Caía a tarde feito um viaduto E um bêbado trajando luto Me lembrou Carlitos...  A lua Tal qual a dona do bordel Pedia a cada estrela fria Um brilho de aluguel  E nuvens! Lá no mata-borrão do céu Chupavam manchas torturadas Que sufoco! Louco! O bêbado com chapéu-coco Fazia irreverências mil Pra noite do Brasil. Meu Brasil!...  Que sonha com a volta Do irmão do Henfil. Com tanta gente que partiu Num rabo de foguete Chora! A nossa Pátria Mãe gentil Choram Marias E Clarices No solo do Brasil...  Mas sei, que uma dor Assim pungente Não há de ser inutilmente A esperança...  Dança na corda bamba De sombrinha E em cada passo Dessa linha Pode se machucar...  Azar! A esperança equilibrista Sabe que o show De todo artista Tem que continuar...;https://api.vagalume.com.br/search.php?art= Elis Regina &mus=O-Bebado-e-A-Equilibrista&apikey=dc668952146a4a25b6d06586e7b69708;aprox
Nosilênciodamadrugada;LuizAyrão;Aproveitou o silêncio da madrugada     E sem dizer nada, catou     Os seus farrapos do roupeiro     Pegou todo o dinheiro e arribou     Falsamente aproveitou     O silêncio da madrugada     Como uma ladra     Realmente ela roubou     Todos os meus planos     Todos esses anos     Que em vão meu coração amou     Pegou meu violão seresteiro     Que eu custei o ano inteiro pra pagar a prestação mas também pra que que eu quero uma viola     Se ela foi embora e levou a inspiração     Aproveitou ...;https://api.vagalume.com.br/search.php?art= Luiz Ayrao &mus=No-silencio-da-madrugada&apikey=dc668952146a4a25b6d06586e7b69708;aprox
RetalhosdeCetim;BenitoDiPaula;Ensaiei meu samba o ano inteiro, Comprei surdo e tamborim.  Gastei tudo em fantasia, Era só o que eu queria. E ela jurou desfilar pra mim,  Minha escola estava tão bonita. Era tudo o que eu queria ver,  Em retalhos de cetim. Eu dormi o ano inteiro, E ela jurou desfilar pra mim.  Mas chegou o carnaval, E ela não desfilou, Eu chorei na avenida, eu chorei.  Não pensei que mentia a cabrocha, Que eu tanto amei...;https://api.vagalume.com.br/search.php?art= Benito Di Paula &mus=Retalhos-de-Cetim&apikey=dc668952146a4a25b6d06586e7b69708;aprox
IluAyê;ClaraNunes;Ilu Ayê, Ilu Ayê, Odara Negro cantava na nação nagô  Depois chorou lamentos de senzala Tão longe estava de sua Ilu Ayê Tempo passou e no terreirão da casa grande Negro diz tudo que pode dizer  É samba, é batuque, é reza É dança, é ladainha Negro joga capoeira E faz louvação à rainha  Hoje, negro é terra Negro é vida Na mutação do tempo Desfilando na avenida Negro é sensacional É toda festa do povo É dono do carnaval;https://api.vagalume.com.br/search.php?art= Clara Nunes &mus=Ilu-Aye&apikey=dc668952146a4a25b6d06586e7b69708;aprox
FoiumRioquepassouemMinhaVida;PaulinhodaViola;Se um dia  Meu coração for consultado                      Para saber se andou errado  Será difícil negar   Meu coração tem manias de amor  Amor não é fácil de achar  A marca dos meus desenganos  Ficou, ficou  Só um amor pode apagar  A marca dos meus desenganos  Ficou, ficou  Só um amor pode apagar   Porém, ai   porém  Há um caso diferente  Que marcou um breve tempo  Meu coração para sempre  Era dia de carnaval  Carregava uma tristeza  Não pensava em novo amor  Quando alguém que não me   Lembro anunciou  Portela, Portela  O samba trazendo alvorada  Meu coração conquistou  Ai, minha Portela  Quando vi você passar  Senti meu coração apressado               Todo meu corpo tomado  E alegria voltar  Não posso definir aquele azul       Não era do céu  Nem era do mar  Foi um rio     que passou em     Minha vida   E meu coração se deixou levar  Foi um rio     que passou em   Minha vida;https://api.vagalume.com.br/search.php?art= Paulinho da Viola &mus=Foi-um-Rio-que-passou-em-Minha-Vida&apikey=dc668952146a4a25b6d06586e7b69708;aprox
MoroOndeNãoMoraNinguém;Agepê;undefined;https://api.vagalume.com.br/search.php?art= Agepe &mus=Moro-Onde-Nao-Mora-Ninguem&apikey=dc668952146a4a25b6d06586e7b69708;song_notfound
Outravez;RobertoCarlos;Você foi o maior dos meus casos  De todos os abraços  O que eu nunca esqueci  Você foi, dos amores que eu tive  O mais complicado e o mais simples pra mim   Você foi o melhor dos meus erros  A mais estranha história  Que alguém já escreveu  E é por essas e outras  Que a minha saudade faz lembrar  De tudo outra vez....   Você foi  A mentira sincera  Brincadeira mais séria que me aconteceu  Você foi  O caso mais antigo  O amor mais amigo que me apareceu   Das lembranças que eu trago na vida  Você é a saudade que eu gosto de ter  Só assim sinto você bem perto de mim  Outra vez           Esqueci de tentar te esquecer  Resolvi te querer por querer  Decidi te lembrar quantas vezes eu tenha vontade  Sem nada perder        Você foi  Toda a felicidade  Você foi a maldade que só me fez bem  Você foi  O melhor dos meus planos  E o maior dos enganos que eu pude fazer    Das lembranças que eu trago na vida  Você é a saudade que eu gosto de ter  Só assim sinto você bem perto de mim  Outra vez;https://api.vagalume.com.br/search.php?art= Roberto Carlos &mus=Outra-vez&apikey=dc668952146a4a25b6d06586e7b69708;aprox
Pai;FábioJR;Pai Pode ser que daqui a algum tempo Haja tempo pra gente ser mais Muito mais que dois grandes amigos Pai e filho talvez                                              Pai Pode ser que daí você sinta Qualquer coisa entre esses vinte ou trinta Longos anos em busca de paz....  Pai Pode crer Eu tô bem eu vou indo Tô tentando vivendo e pedindo Com loucura pra você renascer...  Pai Eu não faço questão de ser tudo Só não quero e não vou ficar mudo         Pra falar de amor pra você                Pai Senta aqui que o jantar tá na mesa Fala um pouco tua voz tá tão presa Nos ensina esse jogo da vida Onde a vida só paga pra ver  Pai Me perdoa essa insegurança É que eu não sou mais aquela criança Que um dia morrendo de medo Nos teus braços você fez segredo Nos teus passos você foi mais eu                Pai Eu cresci e não houve outro jeito Quero só recostar no teu peito Pra pedir pra você ir lá em casa  E brincar de vovô com meu filho No tapete da sala de estar  Pai Você foi meu herói meu bandido Hoje é mais muito mais que um amigo Nem você nem ninguém tá sozinho Você faz parte desse caminho Que hoje eu sigo em paz;https://api.vagalume.com.br/search.php?art= Fabio JR &mus=Pai&apikey=dc668952146a4a25b6d06586e7b69708;exact
Sampa;CaetanoVeloso;Alguma coisa acontece no meu coração Que só quando cruzo a Ipiranga e Av. São João É que quando eu cheguei por aqui eu nada entendi Da dura poesia concreta de tuas esquinas Da deselegância discreta de tuas meninas Ainda não havia para mim Rita Lee A tua mais completa tradução Alguma coisa acontece no meu coração Que só quando cruza a Ipiranga e avenida São João  Quando eu te encarei frente a frente e não vi o meu rosto Chamei de mau gosto o que vi, de mau gosto, mau gosto É que Narciso acha feio o que não é espelho E à mente apavora o que ainda não é mesmo velho Nada do que não era antes quando não somos mutantes E foste um difícil começo Afasto o que não conheço E quem vende outro sonho feliz de cidade Aprende depressa a chamar-te de realidade Porque és o avesso do avesso do avesso do avesso  Do povo oprimido nas filas, nas vilas, favelas Da força da grana que ergue e destrói coisas belas Da feia fumaça que sobe, apagando as estrelas Eu vejo surgir teus poetas de campos, espaços Tuas oficinas de florestas, teus deuses da chuva Pan-Américas de Áfricas utópicas, túmulo do samba Mas possível novo quilombo de Zumbi E os Novos Baianos passeiam na tua garoa E novos baianos te podem curtir numa boa;https://api.vagalume.com.br/search.php?art= Caetano Veloso &mus=Sampa&apikey=dc668952146a4a25b6d06586e7b69708;exact
PrafrenteBrasil;CoraldeJoab;undefined;https://api.vagalume.com.br/search.php?art= Coral de Joab &mus=Pra-frente-Brasil&apikey=dc668952146a4a25b6d06586e7b69708;notfound
TardeemItapoã;Toquinho,ViníciusdeMoraeseMaríliaMedalha;undefined;https://api.vagalume.com.br/search.php?art= Toquinho, Vinicius de Moraes e Marilia Medalha &mus=Tarde-em-Itapoa&apikey=dc668952146a4a25b6d06586e7b69708;notfound
SangueLatino;SecoseMolhados;Jurei mentiras E sigo sozinho Assumo os pecados Os ventos do norte Não movem moinhos E o que me resta É só um gemido  Minha vida, meus mortos Meus caminhos tortos Meu sangue latino Minh'alma cativa  Rompi tratados Traí os ritos Quebrei a lança Lancei no espaço Um grito, um desabafo E o que me importa É não estar vencido;https://api.vagalume.com.br/search.php?art= Secos e Molhados &mus=Sangue-Latino&apikey=dc668952146a4a25b6d06586e7b69708;aprox
Fiomaravilha;MariaAlcina;E novamente ele chegou com inspiração Com muito amor, com emoção Com explosão e gol, gol Sacudindo a torcida aos 33 minutos Do segundo tempo Depois de fazer uma jogada celestial Em gol, gol Tabelou, driblou dois zagueiros Deu um toque driblou o goleiro Só não entrou com bola e tudo Porque teve humildade em gol, gol Foi um gol de classe Onde ele mostrou sua malícia e sua raça Foi um gol de anjo  Um verdadeiro gol de placa (2x) Que a galera agradecida assim cantava Fio Maravilha, nós gostamos de você Fio Maravilha faz mais um pra gente ver (2x);https://api.vagalume.com.br/search.php?art= Maria Alcina &mus=Fio-maravilha&apikey=dc668952146a4a25b6d06586e7b69708;aprox
Paralelas;Vanusa;Dentro do carro,  sobre o trevo, a cem por hora,  o meu amor Só tens agora os carinhos do motor E no escritório onde eu trabalho  e fico rico quanto mais eu multiplico,  dimimui o meu amor... Em cada luz de mercúrio, vejo a luz do teu olhar Passas praças, viadutos,  nem te lembras de voltar, de voltar, de voltar... No corcovado quem abre os braços, sou eu Copacabana esta semana, o mar, sou eu  e as borboletas do que fui pousam demais  por entre as flores do asfalto em que tu vais...  E as paralelas dos pneus n'água das ruas São duas estradas nuas   em que foges do que é teu No apartamento, oitavo andar, abro a vidraça e grito quando o carro passa: - Teu infinito sou eu, sou eu, sou eu, sou eu No Corcovado, quem abre os braços, sou eu,  Copocabana esta semana, o mar, sou eu   e as borboletas do que fui pousam demais  por entre as flores do asfalto em que tu vais.;https://api.vagalume.com.br/search.php?art= Vanusa &mus=Paralelas&apikey=dc668952146a4a25b6d06586e7b69708;exact
NaRua,naChuva,naFazenda;HyldonSouza;undefined;https://api.vagalume.com.br/search.php?art= Hyldon Souza &mus=Na-Rua,-na-Chuva,-na-Fazenda&apikey=dc668952146a4a25b6d06586e7b69708;notfound
Sonhos;Peninha;Tudo era apenas uma brincadeira E foi crescendo, crescendo, me absorvendo  E de repente eu me vi assim completamente seu Vi a minha força amarrada no seu passo Vi que sem você não tem caminho, eu não me acho Vi um grande amor gritar dentro de mim como eu sonhei um dia Quando o meu mundo era mais mundo E todo mundo admitia Uma mudança muito estranha Mais pureza, mais carinho, mais calma, mais alegria       no meu jeito de me dar Quando a canção se fez mais forte e mais sentida Quando a poesia fez folia em minha vida Você veio me contar dessa paixão inesperada  Por outra pessoa Mas não tem revolta não Eu só quero que você se encontre           Ter Saudade até que é bom  É melhor que caminhar vazio A esperança é um Dom Que eu tenho em mim Eu tenho sim Não tem desespero não  Você me ensinou milhões de coisas Tenho um sonho em minhas mãos Amanhã será um novo dia Certamente eu vou ser mais feliz;https://api.vagalume.com.br/search.php?art= Peninha &mus=Sonhos&apikey=dc668952146a4a25b6d06586e7b69708;exact
Meumundoenadamais;GuilhermeArantes;Quando eu fui ferido Vi tudo mudar Das verdades Que eu sabia  Só sobraram restos E eu não esqueci Toda aquela paz Que eu tinha  Eu que tinha tudo Hoje estou mudo Estou mudado À meia-noite, à meia luz Pensando! Daria tudo por um modo de esquecer  Eu queria tanto Estar no escuro do meu quarto À meia-noite, à meia luz Sonhando! Daria tudo por meu mundo e nada mais  Não estou bem certo Se ainda vou sorrir Sem um travo de amargura  Como ser mais livre Como ser capaz De enxergar um novo dia  Eu que tinha tudo Hoje estou mudo Estou mudado À meia-noite, à meia luz Pensando! Daria tudo por um modo de esquecer  Eu queria tanto Estar no escuro do meu quarto À meia-noite, à meia luz Sonhando! Daria tudo por meu mundo e nada mais  Eu queria tanto Estar no escuro do meu quarto À meia-noite, à meia luz Sonhando! Daria tudo por meu mundo e nada mais;https://api.vagalume.com.br/search.php?art= Guilherme Arantes &mus=Meu-mundo-e-nada-mais&apikey=dc668952146a4a25b6d06586e7b69708;aprox
ExplodeCoração;MariaBethânia;Chega de tentar dissimular E disfarçar e esconder O que não da mais pra ocultar E eu não posso mais calar Já que o brilho desse olhar foi traidor E entregou o que você tentou conter O que você não quis desabafar e me cortou  Chega de temer,chorar,sofrer Sorrir,se dar,e se perder,e se achar Que tudo aquilo que é viver, Eu quero  mais é me abrir E que essa vida entre assim Como se fosse o sol Desvirginando a madrugada Quero sentir a dor dessa manhã  Nascendo,rompendo,rasgando, E tomando meu corpo e então eu Chorando,sofrendo,gostando,adorando,gritando Feito louco, alucinado e criança Sentindo o meu amor se derramando Não da mais pra segurar Explode coração;https://api.vagalume.com.br/search.php?art= Maria Bethania &mus=Explode-Coracao&apikey=dc668952146a4a25b6d06586e7b69708;aprox
Nãoexistepecadoaosuldoequador;NeyMatogrosso;Não existe pecado do lado de baixo Do Equador Vamos fazer um pecado, Rasgado, suado a todo vapor  Me deixa ser teu escracho Capacho, teu cacho, diacho Um riacho de amor Quando é lição de esculacho  Olha aí, sai de baixo Que eu sou professor Deixa a tristeza pra lá Vem comer, me jantar  Sarapatel, caruru, tucupi, tacacá Vê se me usa, me abusa, lambuza Que a tua cafuza Não pode esperar  Deixa a tristeza pra lá Vem comer, me jantar Sarapatel, caruru, tucupi, tacacá Vê se me esgota, me bota na mesa Que a tua holandesa Não pode esperar;https://api.vagalume.com.br/search.php?art= Ney Matogrosso &mus=Nao-existe-pecado-ao-sul-do-equador&apikey=dc668952146a4a25b6d06586e7b69708;aprox
Superhomem(acanção);GilbertoGil;undefined;https://api.vagalume.com.br/search.php?art= Gilberto Gil &mus=Superhomem-(a-cancao)&apikey=dc668952146a4a25b6d06586e7b69708;song_notfound
Madalena;ElisRegina;Oh Madalena, o meu peito percebeu que o mar é uma gota comparado ao pranto meu  Fique certa, quando o nosso amor desperta logo o sol se desespera e se esconde lá na serra  Madalena, o que é meu não se divide Nem tampouco se admite Quem do nosso amor duvide  Até a lua se arrisca num palpite Que o nosso amor existe Forte ou fraco alegre ou triste;https://api.vagalume.com.br/search.php?art= Elis Regina &mus=Madalena&apikey=dc668952146a4a25b6d06586e7b69708;exact
Vocêabusou;AntonioCarloseJocafi;Você abusou Tirou partido de mim Abusou Tirou partido de mim Abusou Tirou partido de mim Abusou Mas não faz mal É tão normal ter desamor É tão cafona sofrer dor Que já não sei se é meninice ou cafonice O meu amor Se o quadradismo dos meus versos Vai de encontro aos intelectos Que não usam o coração Como expressão  Voce Abusou ....  Que me perdoe Se eu insisto nesse tema Mas não sei fazer poema ou canção Que fale de outra coisa Que não seja o amor Se o quadradismo dos meus versos...  Essa música é a 1ª faixa do lado A do LP Mudei de Idéia de 1971;https://api.vagalume.com.br/search.php?art= Antonio Carlos e Jocafi &mus=Voce-abusou&apikey=dc668952146a4a25b6d06586e7b69708;aprox
AzulDaCorDoMar;TimMaia;Ah! Se o mundo inteiro me pudesse ouvir Tenho muito pra contar Dizer que aprendi      E na vida a gente tem que entender Que um nasce pra sofrer Enquanto o outro ri  Mas quem sofre sempre tem que procurar Pelo menos vir a achar Razão para viver  Ver na vida  algum motivo pra sonhar Ter um sonho todo azul Azul da cor do mar;https://api.vagalume.com.br/search.php?art= Tim Maia &mus=Azul-Da-Cor-Do-Mar&apikey=dc668952146a4a25b6d06586e7b69708;aprox
DancingDays;AsFrenéticas;Abra suas asas, solte suas feras, caia na gandaia, entre nessa festa E leve com vocêee seu sonho mais loouuco Eu quero ver seu corpo,  lindo, leve e solto A gente as vezes, sente, sofre, dança,  sem querer dançar Na nossa festa vale tudo  vale ser alguém como eu,  como você  Abra suas asas, solte suas feras, caia na gandaia, entre nessa festa E leve com vocêee seu sonho mais loouuco Eu quero ver seu corpo,  lindo, leve e solto A gente as vezes, sente, sofre, dança,  sem querer dançar Na nossa festa vale tudo  vale ser alguém como eu,  como você  A gente as vezes, sente, sofre, dança,  sem querer dançar Na nossa festa vale tudo  vale ser alguém como eu,  como você  Dance bem, dance mal, dance sem parar dance bem, dance até, sem saber dançar  Dance bem, dance mal, dance sem parar dance bem, dance até, sem saber dançar  Na nossa festa vale tudo  vale ser alguém como eu,  como você   Na nossa festa vale tudo  vale ser alguém como eu,  como você   Na nossa festa vale tudo  vale ser alguém como eu,  como você   Dance bem, dance mal, dance sem parar dance bem, dance até, sem saber dançar  Dance bem, dance mal, dance sem parar dance bem, dance até, sem saber dançar  Na nossa festa vale tudo  vale ser alguém como eu,  como você (4x);https://api.vagalume.com.br/search.php?art= As Freneticas &mus=Dancing-Days&apikey=dc668952146a4a25b6d06586e7b69708;aprox
CidadeDoSalvador;EuSóQueroUmXodó;undefined;https://api.vagalume.com.br/search.php?art= Eu So Quero Um Xodo &mus=Cidade-Do-Salvador&apikey=dc668952146a4a25b6d06586e7b69708;notfound
MinhaMadrinha,MangueiraQuerida;JairRodrigues;undefined;https://api.vagalume.com.br/search.php?art= Jair Rodrigues &mus=Minha-Madrinha,-Mangueira-Querida&apikey=dc668952146a4a25b6d06586e7b69708;song_notfound
Excuseme;Junior;undefined;https://api.vagalume.com.br/search.php?art= Junior &mus=Excuse-me&apikey=dc668952146a4a25b6d06586e7b69708;song_notfound
OQueSeráQueSerá?;ChicoBuarqueeMíltonNascimento;undefined;https://api.vagalume.com.br/search.php?art= Chico Buarque e Milton Nascimento &mus=O-Que-Sera-Que-Sera?&apikey=dc668952146a4a25b6d06586e7b69708;notfound
Flying;ChrisdeBurgh;Flying, I thought I'd never learn that flying I thought I'd spend my whole life trying, For flying is that ancient art of keeping one foot on the ground...  Lying, I thought I'd never keep from lying, I thought I'd lose it all by sighing, For lying is that ancient art of hiding words that will never be found  Crying, I thought I'd never stop that crying, I thought I'd always dream of dying For crying is that ancient art of weeping rivers into the ground  Oh Dying, I thought I'd never see that dying, I thought I'd spend my whole life flying, For dying is that ancient art of keeping one world turning round  Sighing, I thought I'd never keep from sighing I thought I'd always be there crying, For sighing is that ancient art of breathing sadness all around  And trying, I thought I'd spend my seasons trying, I thought I could stop myself from lying, For trying is that ancient art of proving that the world is round  Oh Flying, oh oh, Lying, oh oh, Crying, oh oh, Sighing, oh oh, Trying, oh oh, and Dying, oh oh, For Dying is that ancient art of growing flowers in the ground, Yes it is...;https://api.vagalume.com.br/search.php?art= Chris de Burgh &mus=Flying&apikey=dc668952146a4a25b6d06586e7b69708;exact
Ifyouleavemenow;Chicago;If you leave me now You'll take away the biggest part of me Ooh no, baby please don't go  And if you leave me now You'll take away the very heart of me Ooh no, baby please don't go Ooh girl, I just want you to stay  A love like ours is love that's hard to find How could we let it slip away  We've come too far to leave it all behind How could we end it all this way  When tomorrow comes and we both regret The things we said today  A love like ours is love that's hard to find How could we let it slip away  We've come too far to leave it all behind How could we end it all this way  When tomorrow comes and we both regret The things we said today  If you leave me now You'll take away the biggest part of me Ooh no, baby please don't go  Ooh doll, just got to have you by my side Ooh no, baby please don't go Ooh my my, just got to have your lovin';https://api.vagalume.com.br/search.php?art= Chicago &mus=If-you-leave-me-now&apikey=dc668952146a4a25b6d06586e7b69708;exact
Começardenovo;Simone;começar de novo e contar comigo vai valer a pena  ter amanhecido ter me rebelado ter me debatido ter me machucado ter sobrevivido ter virado a mesa ter me conhecido ter virado o barco  ter me socorrido começar de novo e contar comigo vai valer a pena ter amanhecido sem as tuas garras  sempre tão seguras sem o teu fantasma  sem tua moldura sem tuas escoras sem o teu domínio sem tuas esporas sem o teu fascínio começar de novo e contar comigo vai valer a pena  ter amanhecido sem as tuas garras  sempre tão seguras  sem o teu fantasma  sem tua moldura sem tuas escoras sem o teu domínio sem tuas esporas  sem o teu fascínio começar de novo e contar comigo vai valer a pena  já ter te esquecido;https://api.vagalume.com.br/search.php?art= Simone &mus=Comecar-de-novo&apikey=dc668952146a4a25b6d06586e7b69708;exact
FlordeLis;Djavan;Valei-me, Deus! É o fim do nosso amor Perdoa, por favor Eu sei que o erro aconteceu Mas não sei o que fez Tudo mudar de vez Onde foi que eu errei? Eu só sei que amei, Que amei, que amei, que amei  Será talvez Que minha ilusão Foi dar meu coração Com toda força Pra essa moça Me fazer feliz E o destino não quis Me ver como raiz De uma flor de lis  E foi assim que eu vi Nosso amor na poeira, Poeira Morto na beleza fria de Maria  E o meu jardim da vida Ressecou, morreu Do pé que brotou Maria Nem margarida nasceu.  E o meu jardim da vida Ressecou, morreu Do pé que brotou Maria Nem margarida nasceu.   © 1976 BMG Music Publishing Brasil.;https://api.vagalume.com.br/search.php?art= Djavan &mus=Flor-de-Lis&apikey=dc668952146a4a25b6d06586e7b69708;exact
It’sTooLate;CaroleKingeJamesTaylor;undefined;https://api.vagalume.com.br/search.php?art= Carole King e James Taylor &mus=It’s-Too-Late&apikey=dc668952146a4a25b6d06586e7b69708;requestError
Perigosa;AsFreneticas;Eu sei que eu sou bonita e gostosa E sei que você me olha e me quer Eu sou uma fera de pele macia Cuidado, garoto, eu sou perigosa  Eu tenho um veneno no doce da boca Eu tenho um demônio guardado no peito Eu tenho uma faca no brilho dos olhos Eu tenho uma louca, dentro de mim  Eu sei que eu sou bonita e gostosa E sei que você me olha e me quer Eu sou uma fera de pele macia Cuidado, garoto, eu sou perigosa  Eu posso te dar, um pouco de fogo Eu posso prender, você meu escravo Eu faço você feliz e sem medo Eu vou fazer você ficar louco Muito louco, muito louco Dentro de mim;https://api.vagalume.com.br/search.php?art= As Freneticas &mus=Perigosa&apikey=dc668952146a4a25b6d06586e7b69708;exact
JesusCristo;RpbertoCarlos;undefined;https://api.vagalume.com.br/search.php?art= Rpberto Carlos &mus=Jesus-Cristo&apikey=dc668952146a4a25b6d06586e7b69708;notfound
TooMuchHeaven;BeeGees;Nobody gets too much heaven no more It's much harder to come by I'm waiting in line Nobody gets too much love anymore It's as high as a mountain And harder to climb  Oh you and me girl Got a lot of love in store And it flows through you and it flows through me And I love you so much more And my love I can see beyond forever Everything we own will never die  Love is such a beautiful thing Oh you make my world a summer day Are you just a dream to fade away  Nobody gets too much heaven no more It's much harder to come by I'm waiting in line Nobody gets too much love anymore It's as high as a mountain And harder to climb  You and me girl Got a highway to the sky We can turn away from the night to day And the tears we had to cry  You're my life I can see a new tomorrow Everything we own never die Love is such a beautiful thing When you are to me the light above Made for all to see Our precious love  Nobody gets too much heaven no more It's much harder to come by I'm waiting in line Nobody gets too much love anymore It's as high as a mountain And harder to climb  Love is such a beautiful thing You make my world a summer day Are you just a dream to fade away  Nobody gets too much heaven no more It's much harder to come by I'm waiting in line Nobody gets too much love anymore It's as high as a mountain And harder to climb  Nobody gets too much love anymore It's as wide as a river and harder to cross  Nobody gets too much heaven no more It's much harder to come by I'm waiting in line Nobody gets too much love anymore It's as high as a mountain And harder to climb;https://api.vagalume.com.br/search.php?art= Bee Gees &mus=Too-Much-Heaven&apikey=dc668952146a4a25b6d06586e7b69708;aprox
Gita;RaulSeixas;"Eu que já andei pelos quatro cantos do mundo procurando, foi justamente num sonho que Ele me falou"  Às vezes você me pergunta Por que é que eu sou tão calado Não falo de amor quase nada Nem fico sorrindo ao teu lado  Você pensa em mim toda hora Me come, me cospe, me deixa  Talvez você não entenda Mas hoje eu vou lhe mostrar  Eu sou a luz das estrelas Eu sou a cor do luar Eu sou as coisas da vida Eu sou o medo de amar  Eu sou o medo do fraco A força da imaginação O blefe do jogador Eu sou, eu fui, eu vou  Gita gita gita gita gita  Eu sou o seu sacrifício A placa de contra-mão O sangue no olhar do vampiro E as juras de maldição  Eu sou a vela que acende Eu sou a luz que se apaga Eu sou a beira do abismo Eu sou o tudo e o nada  Por que você me pergunta Perguntas não vão lhe mostrar Que eu sou feito da terra Do fogo, da água e do ar  Você me tem todo dia Mas não sabe se é bom ou ruim Mas saiba que eu estou em você Mas você não está em mim  Das telhas eu sou o telhado A pesca do pescador A letra A tem meu nome Dos sonhos eu sou o amor  Eu sou a dona de casa Nos pegue-pagues do mundo Eu sou a mão do carrasco Sou raso, largo, profundo  Gita gita gita gita gita  Eu sou a mosca da sopa E o dente do tubarão Eu sou os olhos do cego E a cegueira da visão  Mas eu sou o amargo da língua A mãe, o pai e o avô O filho que ainda não veio O início, o fim e o meio (2x) Eu sou o início, o fim e o meio (3x);https://api.vagalume.com.br/search.php?art= Raul Seixas &mus=Gita&apikey=dc668952146a4a25b6d06586e7b69708;exact
SkylinePigeon;EltonJohn;Turn me loose from your hands Let me fly to distant lands Over green fields, trees and mountains Flowers and forest fountains Home along the lanes of the skyway   For this dark and lonely room Projects a shadow cast in gloom And my eyes are mirrors Of the world outside Thinking of the way That the wind can turn the tide And these shadows turn From purple into gray  For just a Skyline Pigeon Dreaming of the open Waiting for the day He can spread his wings And fly away again  Fly away skyline pigeon fly Towards the dreams You've left so very far behind (repeat)  Let me wake up in the morning To the smell of new mown hay To laugh and cry, to live and die In the brightness of my day  I want to hear the pealing bells Of distant churches sing But most of all please free me From this aching metal ring And open out this cage towards the sun  For just a Skyline Pigeon Dreaming of the open Waiting for the day He can spread his wings And fly away again  Fly away skyline pigeon fly Towards the dreams You've left so very far behind (repeat);https://api.vagalume.com.br/search.php?art= Elton John &mus=Skyline-Pigeon&apikey=dc668952146a4a25b6d06586e7b69708;aprox
MeuCaroAmigo;ChicoBuarque;Meu caro amigo me perdoe, por favor Se eu não lhe faço uma visita Mas como agora apareceu um portador Mando notícias nessa fita Aqui na terra 'tão jogando futebol Tem muito samba, muito choro e rock'n' roll Uns dias chove, noutros dias bate sol Mas o que eu quero é lhe dizer que a coisa aqui tá preta Muita mutreta pra levar a situação Que a gente vai levando de teimoso e de pirraça E a gente vai tomando, que também, sem a cachaça Ninguém segura esse rojão  Meu caro amigo eu não pretendo provocar Nem atiçar suas saudades Mas acontece que não posso me furtar A lhe contar as novidades Aqui na terra 'tão jogando futebol Tem muito samba, muito choro e rock'n' roll Uns dias chove, noutros dias bate sol Mas o que eu quero é lhe dizer que a coisa aqui tá preta É pirueta pra cavar o ganha-pão Que a gente vai cavando só de birra, só de sarro E a gente vai fumando que, também, sem um cigarro Ninguém segura esse rojão  Meu caro amigo eu quis até telefonar Mas a tarifa não tem graça Eu ando aflito pra fazer você ficar A par de tudo que se passa Aqui na terra 'tão jogando futebol Tem muito samba, muito choro e rock'n' roll Uns dias chove, noutros dias bate sol Mas o que eu quero é lhe dizer que a coisa aqui tá preta Muita careta pra engolir a transação E a gente tá engolindo cada sapo no caminho E a gente vai se amando que, também, sem um carinho Ninguém segura esse rojão  Meu caro amigo eu bem queria lhe escrever Mas o correio andou arisco Se me permitem, vou tentar lhe remeter Notícias frescas nesse disco Aqui na terra 'tão jogando futebol Tem muito samba, muito choro e rock'n' roll Uns dias chove, noutros dias bate sol Mas o que eu quero é lhe dizer que a coisa aqui tá preta A Marieta manda um beijo para os seus Um beijo na família, na Cecília e nas crianças O Francis aproveita pra também mandar lembranças A todo pessoal Adeus   1976 © by Trevo Editora Musical Ltda;https://api.vagalume.com.br/search.php?art= Chico Buarque &mus=Meu-Caro-Amigo&apikey=dc668952146a4a25b6d06586e7b69708;aprox
Youlightupmylife;DebbyBoone;So many nights I sit by my window Waiting for someone to sing me his song So many dreams I kept deep inside me Alone in the dark but now you´ve come along  CHORUS: You light up my life You give me hope To carry on You light up my days and fill my nights with song  Rollin´ at sea, adrift on the water Could it be finally I´m turning for home? Finally, a chance to say hey, I love You Never again to be all alone  chorus twice  It can´t be wrong When it feels so right ´Cause You You light up my life;https://api.vagalume.com.br/search.php?art= Debby Boone &mus=You-light-up-my-life&apikey=dc668952146a4a25b6d06586e7b69708;aprox
YellowRiver;Christie;So long boy you can take my place, got my papers I've got my pay So pack my bags and I'll be on my way to yellow river Put my guns down the war is won Fill my glass high the time has come I'm going back to the place that I love yellow river  Yellow river yellow river is in my mind and in my eyes Yellow river yellow river is in my blood it's the place I love Got no time for explanation got no time to lose Tomorrow night you'll find me Sleeping underneath the moon at yellow river  Cannon fire lingers in my mind I'm so glad that I'm still alive And I've been gone for such a long time from yellow river I remember the nights were cool I can still see the water pool And I remember the girl that I knew from yellow river  Yellow river yellow river is in my mind and in my eyes Yellow river yellow river is in my blood it's the place I love Got no time for explanation got no time to lose Tomorrow night you'll find me Sleeping underneath the moon at yellow river  Yellow river yellow river is in my mind and in my eyes Yellow river yellow river is in my blood it's the place I love ;https://api.vagalume.com.br/search.php?art= Christie &mus=Yellow-River&apikey=dc668952146a4a25b6d06586e7b69708;exact
Killingmesoftly;RobertaFlack;Struming my pain with his fingers Singing my life with his words Killing me softly with his song Killing me softly with his song Telling my whole life With his words Killing me softly with his song  I heard he sang a good song I heard he had a style And so I came to see And listen for a while  And there he was this young Boy A stranger to my eyes Struming my pain with his fingers Singing my life with his words Killing me softy with his song Killing me softly with his song Telling my whole life With his words Killing me softly with his song  I felt all flushed with fever Embarrassed by the crowd I felt he found my letter And read each one out loud I prayed that he would finish But he just kept right on  Struming my pain with his fingers Singing my life with his words Killing me softy with his song Killing me softly with his song Telling my whole life With his words Killing me softly with his song  He sang as if he knew me In all my dark despair And then he looked right through me As if I wasn't there And he just kept on singing Singing clear and strong  Struming my pain with his fingers Singing my life with his words Killing me softy with his song Killing me softly with his song Telling my whole life With his words Killing me softly with his song  Ohhhhhhhhhhh oohhhhhhh...Lalalal..Ohhhh lalaaaaaaa  Struming my pain with his fingers Singing my life with his words Killing me softy with his song Killing me softly with his song Telling my whole life With his words Killing me (softly)  He was strumming my pain Yeah he was singing my life Killing me softly with his song Killing me softly with his song Telling my whole life with his words Killing me softly with his song;https://api.vagalume.com.br/search.php?art= Roberta Flack &mus=Killing-me-softly&apikey=dc668952146a4a25b6d06586e7b69708;exact
NightFever;BeeGees;Listen to the ground: there is movement all around. There is something goin' down, and I can feel it. On the waves of the air, there is dancin' out there. If it's somethin' we can share, we can steal it.  And that sweet city woman, she moves through the light, Controlling my mind and my soul. When you reach out for me, yeah, and the feelin' is right,  The night fever, night fever: we know how to do it. Gimme the night fever, night fever: we know how to show it.  Here I am, prayin' for this moment to last, Livin' on the music so fine, born on the wind, Makin' it mine.  The night fever, night fever: we know how to do it. Gimme the night fever, night fever: we know how to show it. In the heat of our love, don't need no help for us to make it. Gimme just enough takin' us to the mornin'. I got fire in my mind. I get higher in my walkin',  And I'm glowin' in the dark; I give you warnin'.  And that sweet city woman, she moves through the light, Controlling my mind and my soul. When you reach out for me, yeah, and the feelin' is right,  The night fever, night fever: we know how to do it. Gimme the night fever, night fever: we know how to show it.  Here I am, prayin' for this moment to last, Livin' on the music so fine, born on the wind, Makin' it mine.  Night fever, night fever: we know how to do it. Gimme the night fever, night fever: we know how to show it. Gimme the night fever, night fever: we know how to do it. Gimme the night fever, night fever: we know how to show it.;https://api.vagalume.com.br/search.php?art= Bee Gees &mus=Night-Fever&apikey=dc668952146a4a25b6d06586e7b69708;aprox
GostavaTantodeVoce;TimMaia;Não sei porque você se foi Quantas saudades eu senti E de tristezas vou viver E aquele adeus não pude dar...  Você marcou em minha vida Viveu, morreu Na minha história Chego a ter medo do futuro E da solidão Que em minha porta bate...  E eu! Gostava tanto de você Gostava tanto de você...  Eu corro, fujo desta sombra Em sonho vejo este passado E na parede do meu quarto Ainda está o seu retrato Não quero ver pra não lembrar Pensei até em me mudar Lugar qualquer que não exista O pensamento em você...  E eu! Gostava tanto de você Gostava tanto de você...  Não sei porque você se foi Quantas saudades eu senti E de tristezas vou viver E aquele adeus não pude dar...  Você marcou em minha vida Viveu, morreu Na minha história Chego a ter medo do futuro E da solidão Que em minha porta bate...  E eu! Gostava tanto de você Gostava tanto de você...  Eu corro, fujo desta sombra Em sonho vejo este passado E na parede do meu quarto Ainda está o seu retrato Não quero ver pra não lembrar Pensei até em me mudar Lugar qualquer que não exista O pensamento em você...  E eu! Gostava tanto de você Gostava tanto de você...;https://api.vagalume.com.br/search.php?art= Tim Maia &mus=Gostava-Tanto-de-Voce&apikey=dc668952146a4a25b6d06586e7b69708;aprox
HowDeepIsYourLove;BeeGees;I know your eyes in the morning sun I feel you touch me in the pouring rain And the moment which you wander far from me I wanna feel you in my arms again  And you come to me on a summer breeze Keep me warm in your love then you softly leave And it's me you need to show How deep is your love  How deep is your love, how deep is your love I really need to learn 'Cause we're living in a world of fools Breaking us down When they all should let us be We belong to you and me  I believe in you And you know the door to my very soul You're the light in the deepest darkest hour You're my savior when I fall  And you may not think That I care for you When you know down inside that I really do And it's me you need to show How deep is your love  How deep is your love, how deep is your love I really need to learn 'Cause we're living in a world of fools Breaking us down When they all should let us be We belong to you and me  And you come to me on a summer breeze Keep me warm in your love then you softly leave And it's me you need to show How deep is your love  How deep is your love, how deep is your love I really need to learn 'Cause we're living in a world of fools Breaking us down When they all should let us be We belong to you and me  How deep is your love, how deep is your love I really need to learn 'Cause we're living in a world of fools Breaking us down When they all should let us be We belong to you and me;https://api.vagalume.com.br/search.php?art= Bee Gees &mus=How-Deep-Is-Your-Love&apikey=dc668952146a4a25b6d06586e7b69708;aprox
AloneAgain;GilbertO’Sullivan;undefined;https://api.vagalume.com.br/search.php?art= Gilbert O’Sullivan &mus=Alone-Again&apikey=dc668952146a4a25b6d06586e7b69708;requestError
CharlieBrown;BenitoDiPaula;Eh! Meu amigo Charlie Eh! Meu amigo Charlie Brown, Charlie Brown Se você quiser, vou lhe mostrar A nossa São Paulo, terra da garoa Se você quiser, vou lhe mostrar Bahia de Caetano, nossa gente boa Se você quiser, vou lhe mostrar A lebre mais bonita do Imperial Se você quiser, vou lhe mostrar Meu Rio de Janeiro, nosso carnaval Eh! Meu amigo Charlie Eh! Meu amigo Charlie Brown, Charlie Brown Se você quiser, vou lhe mostrar                                Vinícius de Moraes e o som de Jorge Ben Se você quiser, vou lhe mostrar Torcida do Flamengo, coisa igual não tem Eh! Meu amigo Charlie Eh! Meu amigo Charlie Brown, Charlie Brown Se você quiser, vou lhe mostrar Luiz Gonzaga, rei do meu baião Se você quiser, vou lhe mostrar Brasil de Ponta a ponta do meu coração;https://api.vagalume.com.br/search.php?art= Benito Di Paula &mus=Charlie-Brown&apikey=dc668952146a4a25b6d06586e7b69708;aprox
RockAndRollLullaby;B.J.Thomas;She was  just sixteen and all alone When I came to be So we grew up together My mama child and me Now things were bad and she was scared But whenever I would cry She'd calm my fears and dry my tears With a rock and roll lullaby  When she would sing sha na na na na na na na ... It will be all right sha na na na na na.... Sha na na na na na na na ... Now just hold on tight  Sing it to me mama (mama mama ma) Sing it sweet and clear, oh! Mama let me hear that old rock and roll lullaby  We made it through the lonely days But Lord the nights were long And we'd dream of better moments When mama sang her song Now I can't recall the words at all It don't make sense to try 'Cause I just knew lots of love came thru In that rock and roll lullaby  And she'd sing sha na na na na na na na It will be all right Sha na na na na na na na Now just hold on tigh  I can hear you mama, mama, mama, mama nothing moves my soul like the sound of the good old rock and roll lullaby;https://api.vagalume.com.br/search.php?art= B.J.Thomas &mus=Rock-And-Roll-Lullaby&apikey=dc668952146a4a25b6d06586e7b69708;aprox
ANoiteVaiChegar;LadyZu;undefined;https://api.vagalume.com.br/search.php?art= Lady Zu &mus=A-Noite-Vai-Chegar&apikey=dc668952146a4a25b6d06586e7b69708;song_notfound
OVira;SecoseMolhados;O gato preto cruzou a estrada Passou por debaixo da escada. E lá no fundo azul na noite da floresta. A lua iluminou a dança, a roda, a festa. Vira, vira, vira Vira, vira, vira homem, vira, vira Vira, vira, lobisomen Vira, vira, vira Vira, vira, vira homem, vira, vira Bailam corujas e pirilampos entre os sacis e as fadas. E lá no fundo azul na noite da floresta. A lua iluminou a dança, a roda, a festa. Vira, vira, vira Vira, vira, vira homem, vira, vira Vira, vira, lobisomen Vira, vira, vira Vira, vira, vira homem, vira, vira Bailam corujas e pirilampos entre os sacis e as fadas. E lá no fundo azul na noite da floresta. A lua iluminou a dança, a roda, a festa. Vira, vira, vira Vira, vira, vira homem, vira, vira Vira, vira, lobisomen Vira, vira, vira Vira, vira, vira homem, vira, vira;https://api.vagalume.com.br/search.php?art= Secos e Molhados &mus=O-Vira&apikey=dc668952146a4a25b6d06586e7b69708;aprox
SeverinaXique-Xique;GenivalLacerda;Quem não conheçe Severina Xique-xique, que botou uma butique para vida melhorar. Pedro Caroço, filho de Zé vagamela, passa o dia na esquina fazendo aceno para ela.  Ele tá de olho é na butique dela! Ele tá de olho é na butique dela! Ele tá de olho é na butique dela! Ele tá de olho é na butique dela!  Antigamente Severina, coitadinha, era muito pobrezinha, ninguém quis le namorar. Mas hoje em dia só porque tem uma butique, pensando em lhe dar trambique, Pedro quer lhe paqueirar, haih.  Refrão  A severina não dá confiança, Pedro, eu acho que'la tem medo de perder o que arranjou. Pedro Caroço é insistente, não desiste, na vontade ele persiste, finge que se apaixonou, haih.  Refrão  Severina, minha filha não vai na onda de Pedro. Olha! ele só tem interesse em você, sabe porquê? Por que você tem uma botique, minha filha! Agora você querendo um sócio, olha aqui seu Babá. Hahahahai... passa-lá Severina! Lá ta tão bonzinho agora! Oh meu Deus, xau!.  Refrão  O Severina, como é?Resolve minha filha! Se quiser, pisiu, passa-lá! Hahai... Ai Jesus, olha se tu não vier já tem uma loira! Dona Graça ta lá! hiheiiehee ai, xau!.;https://api.vagalume.com.br/search.php?art= Genival Lacerda &mus=Severina-Xique-Xique&apikey=dc668952146a4a25b6d06586e7b69708;aprox
Umavidasó(Paredetomarapilula);OdairJosé;undefined;https://api.vagalume.com.br/search.php?art= Odair Jose &mus=Uma-vida-so-(Pare-de-tomar-a-pilula)&apikey=dc668952146a4a25b6d06586e7b69708;song_notfound
Feelings;MorrisAlbert;Feelings Nothing more than feelings Trying to forget my feelings of love Tear drops  Rolling down on my face Trying to forget my feelings of love Feelings  For all my life for feelings I wish I'd never met you girl You'll never come again Feeling  O o o feelings O o o feel you again in my arms Feelings  Feelings like. l never lost you And feelings like I'll never have you Again in my heart Feelings  1 For all my life I'll feel it I wish I'd never met you girl You'll never come again  Feelings  Feelings like I never lost you And feelings like I'll never have you Again in my heart Feelings  O o o feelings O o o feel you again in my arms;https://api.vagalume.com.br/search.php?art= Morris Albert &mus=Feelings&apikey=dc668952146a4a25b6d06586e7b69708;exact
ArrombouAFesta;RitaLeeeTuttiFrutti;undefined;https://api.vagalume.com.br/search.php?art= Rita Lee e Tutti Frutti &mus=Arrombou-A-Festa&apikey=dc668952146a4a25b6d06586e7b69708;notfound
SoleySoley;MiddleOfTheRoad;Just a little bit lonely just a little bit sad I was feeling so empty until you came back until you came back until you came back.  Oh Soley Soley Soley Soley Soley Soley Oh Soley Soley Soley ley Soley Soley Soley ley Soley Soley.  Just a little bit closer can you lay by my side can we get it together lazing in the sand lazing in the sand lazing in the sand.  Oh Soley Soley...;https://api.vagalume.com.br/search.php?art= Middle Of The Road &mus=Soley-Soley&apikey=dc668952146a4a25b6d06586e7b69708;aprox
Moça;Wando;Moça me espere amanhã levo o meu coração  Pronto pra te entregar Moça moça eu te prometo eu me viro do avesso  Só pra te abraçar Moça sei que já não é pura   Teu passado é tão forte pode até machucar Moça, dobre as mangas do tempo  Jogue o teu sentimento todo em minhas mãos  Eu quero me enrolar nos teus cabelos Abraçar teu corpo inteiro   Morrer de amor de amor me perder;https://api.vagalume.com.br/search.php?art= Wando &mus=Moca&apikey=dc668952146a4a25b6d06586e7b69708;exact
Voufestejar;BethCarvalho;Chora, não vou ligar Chegou a hora Vais me pagar Pode chorar, pode chorar És, o teu castigo Brigou comigo  Sem ter por que Vou festejar, vou festejar O teu sofrer, o teu penar Você pagou com traição A quem sempre lhe deu a mão Você pagou com traição A quem sempre lhe deu a mão;https://api.vagalume.com.br/search.php?art= Beth Carvalho &mus=Vou-festejar&apikey=dc668952146a4a25b6d06586e7b69708;aprox
I’mnotinlove;10cc;undefined;https://api.vagalume.com.br/search.php?art= 10cc &mus=I’m-not-in-love&apikey=dc668952146a4a25b6d06586e7b69708;requestError
GoodbyeYellowBrickRoad;EltonJohn;When are you going to come down? When are you going to land? I should have stayed on the farm, I should have listened to my old man.  You know you can't hold me forever, I didn't sign up with you. I'm not a present for your friends to open, This boy's too young to be singing the blues.  So goodbye yellow brick road, Where the dogs of society howl. You can't plant me in your penthouse, I'm going back to my plough.  Back to the howling old owl in the woods, Hunting the horny back toad. Oh I've finally decided my future lies Beyond the yellow brick road ahhhh ahhh ahhh ahhh  What do you think you'll do then? I bet that'll shoot down your plane. It'll take you a couple of vodka and tonics To set you on your feet again  Maybe you'll get a replacement, There's plenty like me to be found. Mongrels, who ain't got a penny, Sniffing for tid-bits like you on the ground ahhhh ahhh ahhh ahhh  So goodbye yellow brick road, Where the dogs of society howl. You can't plant me in your penthouse, I'm going back to my plough.  Back to the howling old owl in the woods, Hunting the horny back toad. Oh I've finally decided my future lies Beyond the yellow brick road ahhhh ahhh ahhh ahhh ahhhh ahhh ahhh ahhh;https://api.vagalume.com.br/search.php?art= Elton John &mus=Goodbye-Yellow-Brick-Road&apikey=dc668952146a4a25b6d06586e7b69708;aprox
BestOfMyLove;TheEmotions;undefined;https://api.vagalume.com.br/search.php?art= The Emotions &mus=Best-Of-My-Love&apikey=dc668952146a4a25b6d06586e7b69708;song_notfound
LeFreak;Chic;(Chorus:) Aaahh Freak out! Le Freak, C'est Chic Freak out! Aaahh Freak out! Le Freak, C'est Chic Freak out! Aaahh Freak out! Le Freak, C'est Chic Freak out! Aaahh Freak out! Le Freak, C'est Chic Freak out!  Have you heard about the new dance craze? Listen to us, I'm sure you'll be amazed Big fun to be had by everyone It's up to you, It surely can be done Young and old are doing it, I'm told Just one try, and you too will be sold It's called Le Freak! They're doing it night and day Allow us, we'll show you the way  (Chorus)  All that pressure got you down Has your head spinning all around Feel the rhythm, check the rhyme Come on along and have a real good time Like the days of stopping at the Savoy Now we freak, oh what a joy Just come on down, to the Fifty-four Find a spot out on the floor  (Chorus)  Now Freak! I said Freak! Now Freak!  All that pressure got you down Has your head spinning all around Feel the rhythm, check the ride Come on along and have a real good time Like the days of stopping at the Savoy Now we freak, oh what a joy Just come on down, two fifty four Find a spot out on the floor  (Chorus);https://api.vagalume.com.br/search.php?art= Chic &mus=Le-Freak&apikey=dc668952146a4a25b6d06586e7b69708;exact
OMestre-SaladosMares;ElisRegina;Há muito tempo, nas águas da Guanabara O dragão do mar reapareceu Na figura de um bravo feiticeiro A quem a história não esqueceu  Conhecido como navegante negro Tinha a dignidade de um mestre-sala E ao acenar pelo mar na alegria das regatas Foi saudado no porto pelas mocinhas francesas Jovens polacas e por batalhões de mulatas  Rubras cascatas jorravam das costas dos santos  Entre cantos e chibatas Inundando o coração do pessoal do porão Que, a exemplo do feiticeiro, gritavam então  Glória aos piratas! Às mulatas! Às sereias! Glória à farofa! À cachaça! Às baleias! Glória a todas as lutas inglórias Que através da nossa história Não esquecemos jamais Salve o navegante negro! Que tem por monumento, as pedras pisadas do cais.  Mas faz muito tempo...;https://api.vagalume.com.br/search.php?art= Elis Regina &mus=O-Mestre-Sala-dos-Mares&apikey=dc668952146a4a25b6d06586e7b69708;aprox
WhenINeedYou;LeoSayer;Writers: Albert Hammond & Carol Bayer Sager  when I need you  I just close my eyes and I'm with you  and all that I so want to give you  It's only a heartbeat away   when I need love  I hold out my hands and I touch love  I never knew there was so much love  keeping me warm night and day   miles and miles of empty space in between us  the telephone can't take the place of your smile  but you know I won't be travelin' forever  it's cold out, but hold out, and do like I do  when I need you  I just close my eyes and I'm with you  and all that I so wanna give you babe  it's only a heartbeat away   it's not easy when the road is your driver  honey that's a heavy load that we bear  but you know I won't be traveling a lifetime  it's cold out but hold out and do like I do  oh, I need you   when I need love  I hold out my hands and I touch love  I never knew there was so much love  keeping me warm night and day   when I need you  I just close my eyes  and you're right here by my side  keeping me warm night and day   I just hold out my hands  I just hold out my hand  and I'm with you darlin'  yes, I'm with you darlin'  all I wanna give you  it's only a heartbeat away  ;https://api.vagalume.com.br/search.php?art= Leo Sayer &mus=When-I-Need-You&apikey=dc668952146a4a25b6d06586e7b69708;aprox
IWillSurvive;GloriaGaynor;At first I was afraid, I was petrified, Kept' thinkin' I could never live Without you by my side, But then I spent so many nights Thinkin' how you did me wrong, And I grew strong, and I learned how to get along,  And so you're back, from outer space, I just walked in to find you here With that sad look upon your face, I should've changed that stupid lock, I should've made you leave your key, If I had known for just one second You'd be back to bother me,  Go on, now go, walk out the door, Just turn around now, cause you're not welcome anymore, Weren't you the one who tried to hurt me with goodbye, Do you think I'd crumble, Do you think I'd lay down and die, Oh no not I, I will survive, For as long as I know how to love I know I'll stay alive, I've got all my life to live; I've got all my love to give, And I'll survive, I will survive, Hey, Hey!  It took all the strength I had not to fall apart, And trying hard to mend the pieces of my broken heart, And I spent oh so many nights just feeling sorry for myself, I used to cry, but now I hold my head up high, And you'll see me, somebody new, I'm not that chained up little person still in love with you, And so you felt like droppin' in And just expect me to be free, But now I'm savin' all my lovin' for someone who's lovin' me,  Go on, now go, walk out the door, Just turn around now, cause you're not welcome anymore, Weren't you the one who tried to break me with goodbye, Do you think I'd crumble, Do you think I'd lay down and die, Oh no not I, I will survive, For as long as I know how to love I know I'll stay alive, I've got all my life to live; I've got all my love to give, And I'll survive, I will survive, oh  oh, now go, walk out the door, Just turn around now, cause you're not welcome anymore, Weren't you the one who tried to break me with goodbye, Do you think I'd crumble, Do you think I'd lay down and die, Oh no not I, I will survive, For as long as I know how to love I know I'll stay alive, I've got all my life to live; I've got all my love to give, And I'll survive, I will survive, I will survive!;https://api.vagalume.com.br/search.php?art= Gloria Gaynor &mus=I-Will-Survive&apikey=dc668952146a4a25b6d06586e7b69708;aprox
Don’tLetMeBeMisunderstood;SantaEsmeralda,LeroyGomez;undefined;https://api.vagalume.com.br/search.php?art= Santa Esmeralda, Leroy Gomez &mus=Don’t-Let-Me-Be-Misunderstood&apikey=dc668952146a4a25b6d06586e7b69708;requestError
LeftSide;LikeaLocomotion;undefined;https://api.vagalume.com.br/search.php?art= Like a Locomotion &mus=Left-Side&apikey=dc668952146a4a25b6d06586e7b69708;notfound
YMCA;VillagePeople;Young man, there's no need to feel down. I said, young man, pick yourself off the ground. I said, young man, 'cause you're in a new town there's no need to be unhappy.  Young man, there's a place you can go. I said, young man, when you're short on your dough. You can stay there, and I'm sure you will find Many ways to have a good time.  It's fun to stay at the y-m-c-a. It's fun to stay at the y-m-c-a.  They have everything for you men to enjoy, You can hang out with all the boys ...  It's fun to stay at the y-m-c-a. It's fun to stay at the y-m-c-a.  You can get yourself cleaned, you can have a good meal, You can do whatever you feel ...  Young man, are you listening to me? I said, young man, what do you want to be? I said, young man, you can make real your dreams. But you got to know this one thing!  No man does it all by himself. I said, young man, put your pride on the shelf, And just go there, to the y.m.c.a. I'm sure they can help you today.  It's fun to stay at the y-m-c-a. It's fun to stay at the y-m-c-a.  They have everything for you men to enjoy, You can hang out with all the boys ...  It's fun to stay at the y-m-c-a. It's fun to stay at the y-m-c-a.  You can get yourself cleaned, you can have a good meal, You can do whatever you feel ...  Young man, I was once in your shoes. I said, I was down and out with the blues. I felt no man cared if I were alive. I felt the whole world was so tight ...  That's when someone came up to me, And said, young man, take a walk up the street. There's a place there called the y.m.c.a. They can start you back on your way.  It's fun to stay at the y-m-c-a. It's fun to stay at the y-m-c-a.  They have everything for you men to enjoy, You can hang out with all the boys ...  Y-m-c-a ... you'll find it at the y-m-c-a.  Young man, young man, there's no need to feel down. Young man, young man, get yourself off the ground.  Y-m-c-a ... you'll find it at the y-m-c-a.  Young man, young man, there's no need to feel down. Young man, young man, get yourself off the ground.  Y-m-c-a ... just go to the y-m-c-a.  Young man, young man, are you listening to me? Young man, young man, what do you wanna be?;https://api.vagalume.com.br/search.php?art= Village People &mus=YMCA&apikey=dc668952146a4a25b6d06586e7b69708;exact
Don’tGoBreakingMyHeart;EltonJohn;undefined;https://api.vagalume.com.br/search.php?art= Elton John &mus=Don’t-Go-Breaking-My-Heart&apikey=dc668952146a4a25b6d06586e7b69708;requestError
Tragedy;BeeGees;Instrumental  Here I lie in the lost and lonely part of town. Held in time in a world of tears I slowly drown. Goin' home I just can't take it all alone, I really should be holding you, holding you, Loving you, loving you.  Tragedy, when the feeling's gone And you can't go on, It's tragedy, when the morning cries And you don't know why, It's hard to bear with no-one to love you, You're goin' nowhere.  Tragedy, when you lose control And you got no soul, It's tragedy, when the morning cries And you don't know why, It's hard to bear with no-one beside you, You're goin' nowhere.  Instrumental  Night and day there's a burning down inside of me. Burning love with a yearning that won't let me be. Down I go and I just can't take it all alone. I really should be holding you, holding you, Loving you, loving you.  Tragedy, when the feeling's gone And you can't go on, It's tragedy, when the morning cries And you don't know why, It's hard to bear with no-one to love you, You're goin' nowhere.  Tragedy, when you lose control And you got no soul, It's tragedy, when the morning cries And you don't know why, It's hard to bear with no-one beside you, You're goin' nowhere.  Instrumental  Tragedy, when the feeling's gone And you can't go on, It's tragedy, when the morning cries And you don't know why, It's hard to bear with no-one to love you, You're goin' nowhere.  Tragedy, when you lose control And you got no soul, It's tragedy, when the morning cries And your heart just dies, It's hard to bear with no-one beside you, You're goin' nowhere.;https://api.vagalume.com.br/search.php?art= Bee Gees &mus=Tragedy&apikey=dc668952146a4a25b6d06586e7b69708;exact
RaindropsKeepFallin’OnMyHead;B.J.Thomas;undefined;https://api.vagalume.com.br/search.php?art= B.J.Thomas &mus=Raindrops-Keep-Fallin’-On-My-Head&apikey=dc668952146a4a25b6d06586e7b69708;requestError
Fly,Robin,Fly;SilverConvention;Fly Robin Fly Silver Convention  Fly, robin fly  Fly, robin fly  Fly, robin fly  Up, up to the sky   Fly, robin fly  Fly, robin fly  Fly, robin fly Up, up to the sky   [long instrumental]   Fly, robin fly  Fly, robin fly  Fly, robin fly  Up, up to the sky    Jrb/rio/br;https://api.vagalume.com.br/search.php?art= Silver Convention &mus=Fly,-Robin,-Fly&apikey=dc668952146a4a25b6d06586e7b69708;aprox
BridgeOverTroubledWater;SimoneGarfunkel;When you're weary Feeling small When tears are in your eyes I will dry them all  I'm on your side When times get rough And friends just can't be found Like a bridge over troubled water I will lay me down Like a bridge over troubled water I will lay me down  When you're down and out When you're on the street When evening falls so hard I will comfort you  I'll take your part When darkness comes And pain is all around Like a bridge over troubled water I Will lay me down Like a bridge over troubled water  I will lay me down  Sail on Silver Girl, Sail on by Your time has come to shine All your dreams are on their way  See how they shine If you need a friend I'm sailing right behind Like a bridge over troubled water I will ease your mind Like a bridge over troubled water I will ease your mind  Ah, ah, ah;https://api.vagalume.com.br/search.php?art= Simon e Garfunkel &mus=Bridge-Over-Troubled-Water&apikey=dc668952146a4a25b6d06586e7b69708;aprox
MacArthurPark;DonnaSummer;undefined;https://api.vagalume.com.br/search.php?art= Donna Summer &mus=MacArthur-Park&apikey=dc668952146a4a25b6d06586e7b69708;song_notfound
NuvemPassageira;HermesAquino;Eu sou nuvem passageira Que com o vento se vai Eu sou como um cristal bonito Que se quebra quando cai  Não adianta escrever meu nome numa pedra Pois esta pedra em pó vai se transformar Você não vê que a vida corre contra o tempo Sou um castelo de areia na beira do mar  Eu sou nuvem passageira Que com o vento se vai Eu sou como um cristal bonito Que se quebra quando cai  A lua cheia convida para um longo beijo Mas o relógio te cobra o dia de amanhã Estou sozinho, perdido e louco, no meu leito E a namorada analisada por sobre o divã  Eu sou nuvem passageira Que com o vento se vai Eu sou como um cristal bonito Que se quebra quando cai  Por isso agora o que eu quero é dançar na chuva Não quero nem saber de me fazer ou me matar Eu vou deixar em dia a vida e a minha energia Sou um castelo de areia na beira do mar.  Eu sou nuvem passageira Que com o vento se vai Eu sou como um cristal bonito Que se quebra quando cai  Eu sou nuvem passageira Que com o vento se vai Eu sou como um cristal bonito Que se quebra quando cai  Eu sou nuvem passageira Que com o vento se vai Eu sou como um cristal bonito Que se quebra quando cai  Eu sou nuvem passageira Que com o vento se vai Eu sou como um cristal bonito Que se quebra quando cai;https://api.vagalume.com.br/search.php?art= Hermes Aquino &mus=Nuvem-Passageira&apikey=dc668952146a4a25b6d06586e7b69708;aprox
LetItBe;TheBeatles;When I find myself in times of trouble Mother Mary comes to me Speaking words of wisdom, let it be  And in my hour of darkness She is standing right in front of me Speaking words of wisdom, let it be  Let it be, let it be Let it be, let it be Whisper words of wisdom, let it be  And when the broken hearted people Living in the world agree There will be an answer, let it be  For though they may be parted There is still a chance that they will see There will be an answer, let it be  Let it be, let it be Let it be, let it be There will be an answer, let it be  Let it be, let it be Let it be, let it be Whisper words of wisdom, let it be  Let it be, let it be Let it be, yeah let it be There will be an answer, let it be  Let it be, let it be Let it be, yeah let it be There will be an answer, let it be  And when the night is cloudy There is still a light that shines on me Shine on until tomorrow, let it be  I wake up to the sound of music, Mother Mary comes to me Speaking words of wisdom, let it be  Let it be, let it be, Let it be, let it be, There will be an answer, let it be  Let it be, let it be Let it be, yeah let it be Whisper words of wisdom, let it be;https://api.vagalume.com.br/search.php?art= The Beatles &mus=Let-It-Be&apikey=dc668952146a4a25b6d06586e7b69708;aprox
IJustWantToBeYourEverything;AndyGibb;(written by Barry Gibb) For so long  You and me been finding each other for so long And the feeling that I feel for you is more than strong, girl Take it from me If you give a little more than you're asking for your love will turn the key  Darling mine  I would wait forever for those lips of wine Build my world around you, darling This love will shine girl Watch it and see If you give a little more than you're asking for your love will turn the key  I, I just want to be your ev'rything Open up the heaven in your heart and let me be the things you are to me and not some puppet on a string Oh, if I stay here without you, darling, I will die I want you laying in the love I have to bring I'd do anything to be your ev'rything  Darling for so long  You and me been finding each other for so long And the feeling that I feel for you is more than strong girl Take it from me If you give a little more than you're asking for  your love will turn the key  I, I just want to be your ev'rything Open up the heaven in your heart and let me be the things you are to me and not some puppet on a string Oh, if I stay here without you, darling, I will die I want you laying in the love I have to bring I'd do anything to be your ev'rything  I, I just want to be your ev'rything Open up the heaven in your heart and let me be the things you are to me and not some puppet on a string Oh, if I stay here without you, darling, I will die I want you laying in the love I have to bring I'd do anything to be your ev'rything  (fade out)   ;https://api.vagalume.com.br/search.php?art= Andy Gibb &mus=I-Just-Want-To-Be-Your-Everything&apikey=dc668952146a4a25b6d06586e7b69708;aprox
BR3;ToniTornadoeTrioTernura;undefined;https://api.vagalume.com.br/search.php?art= Toni Tornado e Trio Ternura &mus=BR-3&apikey=dc668952146a4a25b6d06586e7b69708;notfound
HowCanYouMendABrokenHeart;AlGreen;I can think of younger days  When living for my life  Was everything a man could want to do  I could never see tomorrow,  Has never told about the sorrow   And how can you mend a broken heart?  How can you stop the rain falling down?  How can you stop the sun from shining?  What makes the world go round?  How can you mend this broken man?  How can a loser ever win?  Help me mend my broken heart  And let me live again  La, la, la, la, la, la   I can still feel the breeze That rustles through the trees  And misty memories of days gone by  But we could never see tomorrow No one has told a word about the sorrow, so   How can you mend a broken heart?  How can you stop the rain falling down?  How can you stop the sun from shining?  What makes the world go round? Lah, lah, lah,lah,lah, lah Tell me how can you mend this broken man?  How can a loser ever win?  Help me mend my broken heart  And let me live again;https://api.vagalume.com.br/search.php?art= Al Green &mus=How-Can-You-Mend-A-Broken-Heart&apikey=dc668952146a4a25b6d06586e7b69708;aprox
YourSong;BillyPaul;It's a little bit funny Lord, this feeling inside I'm not one of those who can easily hide I don't have much money but, boy, if I did I'd buy a big mansion where we both could live  If, if, if I was a sculpture Lord, honey, but then again, no (then again no, no) Or a man who makes potions in a travelin' show I know it's not much, I know it's not much, but it's the best I can do You gave me a gift Lord, and I'm goin' sing it for you And you can tell everybody that this is your song (this is your song) It may be a quite simple, but that's how it's done I hope you don't mind, I hope you don't mind What I wrote down in words, words How wonderful life is when you're in the world, world, world  If, if, (if), if I was on a rooftop I'd kick off my shoes (kick off my shoes, kick my shoes off) I'll write a few verses and then I get the blues But the sun's been quite, quite kind while I wrote this song It's for people like you and people like me I wanna, I wanna keep turnin' on  So excuse me for forgetting, but these things I do Lord (these things I do Lord) You see, you see I've forgotten if they're green or blue Anyway the thing is, anyway the thing is, what I really mean Yours are the sweetest eyes, you've got the sweetest eyes The clearest eyes I've ever seen, I hope you got back  I hope you, I hope you go back and tell everybody That this is your song (this is your song) It may be quite, quite simple, but now that's how it's done I hope you don't mind, I hope you don't mind But I wrote down in words Lord, words I'm doin' it for how wonderful it is when you're in the world, world, world  If, if, (if), if I sat upon a rooftop I'd kick off my shoes, oh yeah (kick off my shoes, kick my shoes off) I'll write a few verses and then I get the blues But the sun's been quite, quite kind while I wrote this song It's for people like you, people like me I wanna, wanna keep turnin' on, so excuse me, so excuse me  So excuse me for forgetting, but these things I do (these things I do Lord) You see, you see I've forgotten if they're green or blue, baby And anyway the thing is, anyway the thing is, what I really mean You are the sweetest eyes, the sweetest eyes The sweetest eyes I've ever seen  I want you to go back, go back and and tell everybody That Billy Paul's got a song (Billy Paul's got a song) I'm, I'm gonna sit upon a, a rooftop and kick my shoes off I'm gonna write it (write it), write it (write it), write it (write it) I might come out with the Gospel (Gospel), the blues (blues), The jazz (jazz), the rock and roll  I'm gonna, got to, got to write me a simple song for everybody Because this is my song (this is my song) It may be quite, quite simple but that's the way it's done I hope you don't mind, I hope you don't mind What I wrote down in words, words You come on back, you try to try again, try again  Tell everybody that Billy Paul's got a song (Billy Paul's got a song) It may be quite, quite simple but that's how it's done, baby I hope you don't mind, I hope you don't mind what I wrote down in words Hold it, hold it, hold it, hold it ooooh Get back, get, got, oh no;https://api.vagalume.com.br/search.php?art= Billy Paul &mus=Your-Song&apikey=dc668952146a4a25b6d06586e7b69708;aprox
Youmakemefeelbrandnew;TheStylistics;My love I'll never find the words my love  to tell you how I feel my love  mere words could not explain  precious love you held my life within your hands  created everything I am taught me how to live again  Only you cared when I needed a friend (oh)  believed in me through thick and thin  this song is for you filled with gratitude and love  [chorus] God bless you  you make me feel brand new  for God blessed me with you  you make me feel brand new  I sing this song for you  make me feel brand new  [verse two]  my love whenever I was insecure  you built me up and made me sure  you gave my pride back to me  precious friend, with you I will always have a friend  or someone who I can depend to walk the path that sometimes bends  without you life has no meaning or rhyme like notes to a song out of time  how can I repay you for having faith in me.;https://api.vagalume.com.br/search.php?art= The Stylistics &mus=You-make-me-feel-brand-new&apikey=dc668952146a4a25b6d06586e7b69708;aprox
MeninadeCabelosLongos;Agepê;E! E! Ei! Menina de cabelos longos Quero te levar pra longe E no primeiro bonde a gente pode partir..ei menina  Quem sabe indo pro Recife ou então Sergipe A gente compra um jipe lá Ou direto pra Bahia Que eu tenho uma tia lá  Prá só comer, beber, dormir e não pagar Pra comer, beber, dormir Prá comer, beber, dormir  Prá comer, beber, dormir e não pagar  Ei! Ei! Ei! Menina de cabelos longos Quero te levar pra longe E no primeiro bonde a gente pode partir  Eu sei que no Nordeste tem cabra da peste No Norte tem faca de corte e calor Mas vou levar cheio de bala Um trezoitão na mala e um ventilador  Ei! Menina Que vida boa a gente vai levar Melhor que a vida de rainha e rei Melhor que tudo que se imaginar   Prá só comer, beber, dormir e não pagar Pra comer, beber, dormir Prá comer, beber, dormir  Prá comer, beber, dormir e não pagar  Ei! Ei! Ei! Menina de cabelos longos Quero te levar pra longe E no primeiro bonde a gente pode partir..ei menina;https://api.vagalume.com.br/search.php?art= Agepe &mus=Menina-de-Cabelos-Longos&apikey=dc668952146a4a25b6d06586e7b69708;exact
Debaixodoscaracóis;RobertoCarlos;Um dia a areia branca seus pés irão tocar E vai molhar seus cabelos a água azul do mar Janelas e portas vão se abrir pra ver você chegar E ao se sentir em casa, sorrindo vai chorar   Debaixo dos caracóis dos seus cabelos Uma história pra contar de um mundo tão distante Debaixo dos caracóis dos seus cabelos Um soluço e a vontade de ficar mais um instante   As luzes e o colorido Que você vê agora Nas ruas por onde anda,  na casa onde mora Você olha tudo e nada Lhe faz ficar contente Você só deseja agora Voltar pra sua gente   Debaixo dos caracóis dos seus cabelos Uma história pra contar de um mundo tão distante Debaixo dos caracóis dos seus cabelos Um soluço e a vontade de ficar mais um instante  Você anda pela tarde E o seu olhar tristonho Deixa sangrar no peito Uma saudade, um sonho Um dia vou ver você Chegando num sorriso Pisando a areia branca Que é seu paraíso.  Debaixo dos caracóis dos seus cabelos Uma história pra contar de um mundo tão distante Debaixo dos caracóis dos seus cabelos Um soluço e a vontade de ficar mais um instante  Debaixo dos caracóis dos seus cabelos Uma história pra contar de um mundo tão distante Debaixo dos caracóis dos seus cabelos Um soluço e a vontade de ficar mais um instante   Debaixo dos caracóis dos seus cabelos Uma história pra contar de um mundo tão distante Debaixo dos caracóis dos seus cabelos Um soluço e a vontade de ficar mais um instante;https://api.vagalume.com.br/search.php?art= Roberto Carlos &mus=Debaixo-dos-caracois&apikey=dc668952146a4a25b6d06586e7b69708;aprox
MalucoBeleza;RaulSeixas;Enquanto você Se esforça pra ser Um sujeito normal E fazer tudo igual Eu do meu lado Aprendendo a ser louco Um maluco total Na loucura real  Controlando A minha maluquez Misturada Com minha lucidez Vou ficar Ficar com certeza Maluco beleza Eu vou ficar Ficar com certeza Maluco beleza  E esse caminho Que eu mesmo escolhi É tão fácil seguir Por não ter onde ir Controlando A minha maluquez Misturada Com minha lucidez Eeeeeeeeuu! Controlando A minha maluquez Misturada Com minha lucidez  Vou ficar Ficar com certeza Maluco beleza Eu vou ficar Ficar com certeza Maluco beleza Eu vou ficar Ficar com toda certeza Maluco, maluco beleza;https://api.vagalume.com.br/search.php?art= Raul Seixas &mus=Maluco-Beleza&apikey=dc668952146a4a25b6d06586e7b69708;aprox
LoveUnlimitedOrchestra;Love’sTheme;undefined;https://api.vagalume.com.br/search.php?art= Love’s Theme &mus=Love-Unlimited-Orchestra&apikey=dc668952146a4a25b6d06586e7b69708;requestError
Êbaiana;ClaraNunes;Ê baiana Ê ê ê baiana, baianinha Ê baiana Ê ê ê baiana  Baiana boa Gosta do samba Gosta da roda E diz que é bamba Baiana boa Gosta do samba Gosta da roda E diz que é bamba  Olha Toca a viola Que ela quer sambar Ela gosta do samba Ela quer rebolar Toca a viola Que ela quer sambar Ela gosta do samba Ela quer rebolar  Ê baiana  Ê baiana Ê ê ê baiana, baianinha Ê baiana Ê ê ê baiana;https://api.vagalume.com.br/search.php?art= Clara Nunes &mus=E-baiana&apikey=dc668952146a4a25b6d06586e7b69708;aprox
RingMyBell;AnitaWard;I'm glad you're home Well, did you really miss me? I guess you did by the look in your eye (look in your eye, lookin your eye) Well lay back and relax while I put away the dishes Then you and me can rock a bell  You can ring my be-e-ell, ring my bell You can ring my be-e-ell, ring my bell You can ring my be-e-ell, ring my bell You can ring my be-e-ell, ring my bell  The night is young and full of possibilities Well come on and let yourself be free My love for you, so long I've been savin' Tonight was made for me and you  You can ring my be-e-ell, ring my bell (ring my bell,ding-dong-ding) You can ring my be-e-ell, ring my bell (ring my bell,ring-a-ling-a-ling) You can ring my be-e-ell, ring my bell (ring my bell,ding-dong-ding) You can ring my be-e-ell, ring my bell (ring my bell,ring-a-ling-a-ling)  (you can ring my bell, you can ring my bell ding, dong, ding, ah-ah, ring it! you can ring my bell, anytime, anywhere ring it, ring it, ring it, ring it, oww! you can ring my bell, you can ring my bell ding, dong, ding, ah-ah, ring it! you can ring my bell, anytime, anywhere ring it, ring it, ring it, ring it, oww!)  You can ring my be-e-ell, ring my bell (ring my bell,ding-dong-ding) You can ring my be-e-ell, ring my bell (ring my bell,ring-a-ling-a-ling) You can ring my be-e-ell, ring my bell (ring my bell,ding-dong-ding) You can ring my be-e-ell, ring my bell (ring my bell,ring-a-ling-a-ling);https://api.vagalume.com.br/search.php?art= Anita Ward &mus=Ring-My-Bell&apikey=dc668952146a4a25b6d06586e7b69708;aprox
ABC;TheJackson5;Michael: a buh-buh buh buh-buh J5: a buh-buh buh buh-buh Michael: you went to school to learn, girl Things you never, never knew before Jermaine: like I before e except after c Michael: and why 2 plus 2 makes four Now now now, I'm gonna teach you J5: teach you, teach you Michael: all about love, dear J5: all about love Jermaine: sit yourself down, take a seat All you gotta do is repeat after me  Chorus J5: abc Michael: easy as J5: 123 Michael: or simple as J5: do re mi Michael: abc, 123, baby, you and me girl J5: abc Michael: easy as J5: 123 Michael: as simple as J5: do re mi Michael: abc, 123, baby, you and me girl  J5: abc Michael: easy as J5: 123 Michael: or simple as J5: do re mi Michael: abc, 123, baby, you and me girl J5: abc Michael: easy as J5: 123 Michael: as simple as J5: do re mi Michael: abc, 123, baby, you and me  Tito: come on, let me love you just a little bit Jackie: come on, let me love you just a little bit Jermaine: I'm a going to teach how to sing it out Michael: come on, come one, come on Let me show you what it's all about! Reading, writing and arithmetic Are the branches of the learning tree Jermaine: but without the roots of love every day, girl Michael: your education ain't complete T-t-t-teacher's gonna show you J5: show you, show you Michael: how to get an a J5 how to get an a Jermaine: spell "me" "you" Jermaine: listen to me baby, that's all you gotta do  chorus J5: abc Michael: easy as J5: 123 Michael: or simple as J5: do re mi Michael: abc, 123, baby, you and me girl  J5: abc Michael: easy as J5: 123 Michael: as simple as J5: do re mi Michael: abc, 123, baby, you and me  Bridge Abc is easy like counting up 3 That's how easy love can be That's how easy love can be Sing a simple melody 123, You and me Michael: sit down, girl! I think I love you! No! Get up, girl! Show me what you can do! Shake it, shake it, baby, come on now! Shake it, shake it, baby, oo ooh! Shake it shake it, baby, huh!  Abc, baby, nah nah! 123 Do re mi, baby, huh! That's how easy love can be 123, Baby Abc, baby Do re mi, baby That's how easy love can be It's easy, it's easy like counting up to 3 Sing a simple melody That's how easy love can be Jermaine: I'm a gonna teach you how to sing it loud Michael: come on, come on, come on Lemme show you what it's all about Abc, it's easy, it's like counting up to 3 Sing a simple melody That's how easy love can be Jermaine: I'm a gonna teach you how to sing it loud Sing it loud, sing it, go, sing it, go sing it Michael: abc, it's easy as 123;https://api.vagalume.com.br/search.php?art= The Jackson 5 &mus=ABC&apikey=dc668952146a4a25b6d06586e7b69708;exact
MaggieMay;RodStewart;Wake up Maggie I think I got something to say to you It's late September and I really should be back at school I know I keep you amused but I feel I'm being used Oh Maggie I couldn't have tried any more You led me away from home just to save you from being alone You stole my heart and that's what really hurts  The morning sun when it's in your face really shows your age But that don't worry me none in my eyes you're everything I laughed at all of your jokes my love you didn't need to coax Oh, Maggie I couldn't have tried any more You led me away from home, just to save you from being alone You stole my soul and that's a pain I can do without  All I needed was a friend to lend a guiding hand But you turned into a lover and mother what a lover You wore me out All you did was wreck my bed And in the morning kick me in the head Oh Maggie I couldn't have tried anymore You led me away from home 'cause you didn't want to be alone You stole my heart I couldn't leave you if I tried  I suppose I could collect my books and get on back to school Or steal my daddy's cue and make a living out of playing pool Or find myself a rock and roll band that needs a helpin' hand Oh Maggie I wish I'd never seen your face You made a first-class fool out of me But I'm as blind as a fool can be You stole my heart but I love you anyway  (guitar bit again)  Maggie I wish I'd never seen your face I'll get on back home one of these days;https://api.vagalume.com.br/search.php?art= Rod Stewart &mus=Maggie-May&apikey=dc668952146a4a25b6d06586e7b69708;aprox
PavãoMysteriozo;Ednardo;undefined;https://api.vagalume.com.br/search.php?art= Ednardo &mus=Pavao-Mysteriozo&apikey=dc668952146a4a25b6d06586e7b69708;song_notfound
Sobradinho;Sá,RodrixeGuarabyra;Intro: E C#m E C#m      O homem chega e já desfaz a natureza                                           Tira a gente põe represa, diz que tudo vai mudar             O São Francisco lá pra cima da Bahia                                         Diz que dia menos dia vai subir bem devagar                                      E passo a passo vai cumprindo a profecia                                       Do beato que dizia que o sertão ia alagar                   O sertão vai virar mar   Dá no coração  O medo que algum dia        O mar também vire sertão            Vai virar mar  Dá no coração    O medo que algum dia            O mar também vire sertão           Adeus Remanso, Casa Nova, Sento-sé               Adeus Pilão Arcado vem o rio te engolir            Debaixo d'água lá se vai a vida inteira                 Por cima da cachoeira o Gaiola vai sumir             Vai ter barragem no salto do Sobradinho                   E o povo vai se embora com medo de se afogar       O sertão vai virar mar  Dá no coração    O medo que algum dia          O mar também vire sertão     Vai virar mar  Dá no coração     O medo que algum dia  O mar também vire sertão;https://api.vagalume.com.br/search.php?art= Sa, Rodrix e Guarabyra &mus=Sobradinho&apikey=dc668952146a4a25b6d06586e7b69708;exact
SummerHoliday;TerryWinter;On a summer day (On a summer day) I met you  Summer Holliday (Summer Holliday) One of few   All my life I wondered all lonely  You were so dumb just like me  For when we met it was only  Meant to be just for me (Just for me, Uh, Uh, Uh, Uh  You were just meant for me)  By the river side (By the river side) By a shady tree You just laughed and cried (You just laughed and cried) Loving me  Now through life I'll never be lonely Life has been so good to me For when we met it was only  Meant to be just for me (Just for me, Uh, Uh, Uh, Uh  You were just meant for me)   On a summer day  (On a summer day) I met you  Summer Holliday (Summer Holliday) One of few   All my life I wonder all lonely You were so dumb just like me  For when we met it was only  Meant to be just for me (Just for me, Uh, Uh, Uh, Uh  You were just meant for me);https://api.vagalume.com.br/search.php?art= Terry Winter &mus=Summer-Holiday&apikey=dc668952146a4a25b6d06586e7b69708;aprox
Onedayinyourlife;MichaelJackson;One day in your life You'll remember a place Someone touching your face You'll come back and you'll look around, you'll ... One day in your life You'll remember the love you found here You'll remember me somehow Though you don't need me now I will stay in your heart And when things fall apart You'll remember one day ... One day in your life When you find that you're always waiting For a love we used to share Just call my name, and I'll be there You'll remember me somehow Though you don't need me now I will stay in your heart And when things fall apart You'll remember one day ... One day in your life When you find that you're always lonely For a love we used to share Just call my name, and I'll be there;https://api.vagalume.com.br/search.php?art= Michael Jackson &mus=One-day-in-your-life&apikey=dc668952146a4a25b6d06586e7b69708;aprox
Ourodetolo;RaulSeixas;Eu devia estar contente  Porque eu tenho um emprego  Sou um dito cidadão respeitável  E ganho quatro mil cruzeiros por mês   Eu devia agradecer ao Senhor  Por ter tido sucesso na vida como artista  Eu devia estar feliz  Porque consegui comprar um Corcel 73  Eu devia estar alegre e satisfeito  Por morar em Ipanema  Depois de ter passado fome por dois anos  Aqui na Cidade Maravilhosa   Ah! Eu devia estar sorrindo e orgulhoso  Por ter finalmente vencido na vida  Mas eu acho isso uma grande piada  E um tanto quanto perigosa   Eu devia estar contente Por ter conseguido tudo o que eu quis  Mas confesso abestalhado  Que eu estou decepcionado  Porque foi tão fácil conseguir  E agora eu me pergunto: E daí?  Eu tenho uma porção de coisas grandes  Pra conquistar, e eu não posso ficar aí parado   Eu devia estar feliz pelo Senhor  Ter me concedido o domingo  Pra ir com a família ao Jardim Zoológico  Dar pipoca aos macacos   Ah! Mas que sujeito chato sou eu  Que não acha nada engraçado  Macaco praia, carro, jornal, tobogã  Eu acho tudo isso um saco   É você olhar no espelho  Se sentir um grandessíssimo idiota  Saber que é humano, ridículo, limitado  Que só usa dez por cento de sua  Cabeça animal  E você ainda acredita que é um doutor, padre ou policial  Que está contribuindo com sua parte  Para nosso belo quadro social   Eu que não me sento  No trono de um apartamento  Com a boca escancarada cheia de dentes  Esperando a morte chegar   Porque longe das cercas embandeiradas que separam quintais  No cume calmo do meu olho que vê  Assenta a sombra sonora de um disco voador   Eu que não me sento  No trono de um apartamento  Com a boca escancarada cheia de dentes  Esperando a morte chegar   Porque longe das cercas embandeiradas que separam quintais  No cume calmo do meu olho que vê Assenta a sombra sonora de um disco voador;https://api.vagalume.com.br/search.php?art= Raul Seixas &mus=Ouro-de-tolo&apikey=dc668952146a4a25b6d06586e7b69708;aprox
Casanocampo;ElisRegina;Eu quero uma casa no campo Onde eu possa compor muitos rocks rurais E tenha somente a certeza Dos amigos do peito e nada mais  Eu quero uma casa no campo Onde eu possa ficar no tamanho da paz E tenha somente a certeza Dos limites do corpo e nada mais  Eu quero carneiros e cabras pastando solenes No meu jardim Eu quero o silêncio das línguas cansadas Eu quero a esperança de óculos  E um filho de cuca legal Eu quero plantar e colher com a mão A pimenta e o sal Eu quero uma casa no campo  Do tamanho ideal, pau-a-pique e sapé Onde eu possa plantar meus amigos Meus discos e livros e nada mais! Onde eu possa plantar meus amigos  Meus discos meus livros e nada mais! Onde eu possa plantar meus amigos Meus discos e meus livros e nada mais!;https://api.vagalume.com.br/search.php?art= Elis Regina &mus=Casa-no-campo&apikey=dc668952146a4a25b6d06586e7b69708;aprox
Imagine;JohnLennonandThePlasticOnoBand;undefined;https://api.vagalume.com.br/search.php?art= John Lennon and The Plastic Ono Band &mus=Imagine&apikey=dc668952146a4a25b6d06586e7b69708;notfound
MeAndYou;DaveMaclean;Give me Only your smile 'Cause I don't have no time To wait  Give me Only your love The time must pass and I Need your love  All life I dreamed for someone like you And in my dreams you came to me I'll never go away from you If you look at yourself  You'll find me and you Just look at yourself And you'll find me and you Me and you;https://api.vagalume.com.br/search.php?art= Dave Maclean &mus=Me-And-You&apikey=dc668952146a4a25b6d06586e7b69708;aprox
WithoutYou;HarryNilsson;No I can't forget this evening Or your face as you were leaving But I guess that's just the way The story goes You always smile but in your eyes Your sorrow shows Yes it shows No I can't forget tomorrow When I think of all my sorrow When I had you there But then I let you go And now it's only fair That I should let you know What you should know  I can't live If living is without you I can't live I can't give anymore I can't live If living is without you I can't give I can't give anymore  Well I can't forget this evening Or your face as you were leaving But I guess that's just the way The story goes You always smile but in your eyes Your sorrow shows Yes it shows  I can't live...I Can't Live...;https://api.vagalume.com.br/search.php?art= Harry Nilsson &mus=Without-You&apikey=dc668952146a4a25b6d06586e7b69708;aprox
